-- phpMyAdmin SQL Dump
-- version 5.1.1
-- https://www.phpmyadmin.net/
--
-- Host: 127.0.0.1
-- Generation Time: Jul 26, 2021 at 08:15 AM
-- Server version: 10.4.20-MariaDB
-- PHP Version: 8.0.8

SET SQL_MODE = "NO_AUTO_VALUE_ON_ZERO";
START TRANSACTION;
SET time_zone = "+00:00";


/*!40101 SET @OLD_CHARACTER_SET_CLIENT=@@CHARACTER_SET_CLIENT */;
/*!40101 SET @OLD_CHARACTER_SET_RESULTS=@@CHARACTER_SET_RESULTS */;
/*!40101 SET @OLD_COLLATION_CONNECTION=@@COLLATION_CONNECTION */;
/*!40101 SET NAMES utf8mb4 */;

--
-- Database: `pollingbooth`
--

-- --------------------------------------------------------

--
-- Table structure for table `answers`
--

CREATE TABLE `answers` (
  `userId` varchar(256) NOT NULL,
  `pollId` int(4) NOT NULL,
  `choiceName` varchar(256) NOT NULL
) ENGINE=InnoDB DEFAULT CHARSET=utf8mb4;

--
-- Dumping data for table `answers`
--

INSERT INTO `answers` (`userId`, `pollId`, `choiceName`) VALUES
('GbvweoXCDg9qywgRjNCEx/LRlokS+SSyBoLm3yl76lI=:ZWFpWVlrWVR5c2lhMjFuSA==', 1, 'Felicity Smoak'),
('iTIkY8+lXYiOxcjhbFU32w==:ZWFpWVlrWVR5c2lhMjFuSA==', 1, 'Felicity Smoak'),
('uUbL4hYH008yQW/iktN7lA==:ZWFpWVlrWVR5c2lhMjFuSA==', 1, 'Lena Luthor'),
('uUbL4hYH008yQW/iktN7lA==:ZWFpWVlrWVR5c2lhMjFuSA==', 2, 'Momiji Sohma'),
('GbvweoXCDg9qywgRjNCEx/LRlokS+SSyBoLm3yl76lI=:ZWFpWVlrWVR5c2lhMjFuSA==', 2, 'Saki Hanajima'),
('iTIkY8+lXYiOxcjhbFU32w==:ZWFpWVlrWVR5c2lhMjFuSA==', 2, 'Shigure Sohma'),
('GbvweoXCDg9qywgRjNCEx/LRlokS+SSyBoLm3yl76lI=:ZWFpWVlrWVR5c2lhMjFuSA==', 3, 'Ai Hayasaka'),
('iTIkY8+lXYiOxcjhbFU32w==:ZWFpWVlrWVR5c2lhMjFuSA==', 3, 'Ai Hayasaka'),
('uUbL4hYH008yQW/iktN7lA==:ZWFpWVlrWVR5c2lhMjFuSA==', 3, 'Chika Fujiwara'),
('GbvweoXCDg9qywgRjNCEx/LRlokS+SSyBoLm3yl76lI=:ZWFpWVlrWVR5c2lhMjFuSA==', 4, 'Lindsay Denton'),
('uUbL4hYH008yQW/iktN7lA==:ZWFpWVlrWVR5c2lhMjFuSA==', 4, 'Tony Gates'),
('iTIkY8+lXYiOxcjhbFU32w==:ZWFpWVlrWVR5c2lhMjFuSA==', 5, 'The future'),
('GbvweoXCDg9qywgRjNCEx/LRlokS+SSyBoLm3yl76lI=:ZWFpWVlrWVR5c2lhMjFuSA==', 5, 'There is enough in the present 🤓'),
('GbvweoXCDg9qywgRjNCEx/LRlokS+SSyBoLm3yl76lI=:ZWFpWVlrWVR5c2lhMjFuSA==', 6, '🌈Rainbow'),
('uUbL4hYH008yQW/iktN7lA==:ZWFpWVlrWVR5c2lhMjFuSA==', 7, 'Football'),
('iTIkY8+lXYiOxcjhbFU32w==:ZWFpWVlrWVR5c2lhMjFuSA==', 7, 'Soccer'),
('iTIkY8+lXYiOxcjhbFU32w==:ZWFpWVlrWVR5c2lhMjFuSA==', 8, 'Dunk a basketball'),
('uUbL4hYH008yQW/iktN7lA==:ZWFpWVlrWVR5c2lhMjFuSA==', 8, 'Throw a 90 MPH fastball'),
('uUbL4hYH008yQW/iktN7lA==:ZWFpWVlrWVR5c2lhMjFuSA==', 9, 'Art and Music'),
('uUbL4hYH008yQW/iktN7lA==:ZWFpWVlrWVR5c2lhMjFuSA==', 10, 'French'),
('GbvweoXCDg9qywgRjNCEx/LRlokS+SSyBoLm3yl76lI=:ZWFpWVlrWVR5c2lhMjFuSA==', 10, 'Japanese'),
('uUbL4hYH008yQW/iktN7lA==:ZWFpWVlrWVR5c2lhMjFuSA==', 11, 'Sometimes'),
('GbvweoXCDg9qywgRjNCEx/LRlokS+SSyBoLm3yl76lI=:ZWFpWVlrWVR5c2lhMjFuSA==', 11, 'YES, love them!'),
('iTIkY8+lXYiOxcjhbFU32w==:ZWFpWVlrWVR5c2lhMjFuSA==', 12, '⛵ 1'),
('GbvweoXCDg9qywgRjNCEx/LRlokS+SSyBoLm3yl76lI=:ZWFpWVlrWVR5c2lhMjFuSA==', 12, '⛵ 2'),
('uUbL4hYH008yQW/iktN7lA==:ZWFpWVlrWVR5c2lhMjFuSA==', 12, '⛵ 2'),
('uUbL4hYH008yQW/iktN7lA==:ZWFpWVlrWVR5c2lhMjFuSA==', 14, 'Artificial Intelligence (AI)'),
('iTIkY8+lXYiOxcjhbFU32w==:ZWFpWVlrWVR5c2lhMjFuSA==', 14, 'Augmented reality (AR) and virtual reality (VR)'),
('uUbL4hYH008yQW/iktN7lA==:ZWFpWVlrWVR5c2lhMjFuSA==', 15, 'Business Development'),
('iTIkY8+lXYiOxcjhbFU32w==:ZWFpWVlrWVR5c2lhMjFuSA==', 15, 'Other'),
('iTIkY8+lXYiOxcjhbFU32w==:ZWFpWVlrWVR5c2lhMjFuSA==', 16, 'Oreki Houtarou');

-- --------------------------------------------------------

--
-- Table structure for table `categories`
--

CREATE TABLE `categories` (
  `type` varchar(256) NOT NULL,
  `description` varchar(256) NOT NULL
) ENGINE=InnoDB DEFAULT CHARSET=utf8mb4;

--
-- Dumping data for table `categories`
--

INSERT INTO `categories` (`type`, `description`) VALUES
('Anime', 'Are you ready for some awesome anime Trivia? If not then you better prepare yourself ! Create an Anime poll allowing people to express their voice in anime.'),
('Games', 'The object of a Game poll is to entertain people through the fun and conversation generated by the poll questions. Choose from a range of Yes or No questions, like, Have you ever saved someone\'s life? or create one of your own.'),
('Others', 'Polls that don\'t fit in the other categories belong here !'),
('School', 'These days, learners aim to take on an active role in their learning. By adding interaction through polls and using the responses received we can significantly improve lectures and engagement.'),
('Sports', 'The mission of this category of Polls is to explore a broader overview of sports issues of general interest to society like public funding and tax breaks for stadiums and franchises, gambling, ethical behaviour, drug testing and labor disputes.'),
('TV Shows', 'Do you watch the same TV shows as the rest of the world? Grey’s Anatomy? Stranger Things? The Flash?. Let’s find out ! Create a poll to find out how many people out there are in agreement with you.'),
('Work', 'Polls at work help drive employee motivation and engagement. For a manager dealing with a large team or a remote workforce, it can be a challenge to assess everyone’s opinion. This is where Polls come in to help!');

-- --------------------------------------------------------

--
-- Table structure for table `choices`
--

CREATE TABLE `choices` (
  `pollId` int(4) NOT NULL,
  `choiceName` varchar(256) NOT NULL,
  `nSelected` int(4) NOT NULL DEFAULT 0
) ENGINE=InnoDB DEFAULT CHARSET=utf8mb4;

--
-- Dumping data for table `choices`
--

INSERT INTO `choices` (`pollId`, `choiceName`, `nSelected`) VALUES
(1, 'Felicity Smoak', 2),
(1, 'Lena Luthor', 1),
(1, 'Thea Queen', 0),
(1, 'Zari Tomaz', 0),
(2, 'Kyoko Honda', 0),
(2, 'Momiji Sohma', 1),
(2, 'Saki Hanajima', 1),
(2, 'Shigure Sohma', 1),
(2, 'Tohru Honda', 0),
(3, 'Ai Hayasaka', 2),
(3, 'Chika Fujiwara', 1),
(3, 'Kaguya Shinomiya', 0),
(3, 'Kei Shirogane', 0),
(3, 'Miko Iino', 0),
(4, 'Danny Waldron', 0),
(4, 'John Corbett', 0),
(4, 'Lindsay Denton', 1),
(4, 'Tony Gates', 1),
(5, 'The future', 1),
(5, 'The past', 0),
(5, 'There is enough in the present 🤓', 1),
(6, '☀Sunshine', 0),
(6, '⛅Cloudy', 0),
(6, '⛈Thundery', 0),
(6, '🌈Rainbow', 1),
(6, '🌧Rainy', 0),
(7, 'Football', 1),
(7, 'Soccer', 1),
(8, 'Dunk a basketball', 1),
(8, 'Hit a 300 yard drive', 0),
(8, 'Kick a 50 yard field goal', 0),
(8, 'Run a 4 minute mile', 0),
(8, 'Throw a 90 MPH fastball', 1),
(9, 'Art and Music', 1),
(9, 'Class', 0),
(9, 'Friends', 0),
(9, 'Lunch', 0),
(9, 'Recess', 0),
(10, 'French', 1),
(10, 'Japanese', 1),
(10, 'Mandarin', 0),
(10, 'Russian', 0),
(10, 'Spanish', 0),
(11, 'No, they are boring', 0),
(11, 'Sometimes', 1),
(11, 'YES, love them!', 1),
(12, '⛵ 1', 1),
(12, '⛵ 2', 2),
(12, '⛵ 3', 0),
(13, 'Knowledge building', 0),
(13, 'My boss made me', 0),
(13, 'Networking opportunities', 0),
(13, 'Speaker line-up', 0),
(14, 'Artificial Intelligence (AI)', 1),
(14, 'Augmented reality (AR) and virtual reality (VR)', 1),
(14, 'Big Data', 0),
(14, 'Internet of Things and smart home tech', 0),
(14, 'Machine learning', 0),
(15, 'Business Development', 1),
(15, 'Finance', 0),
(15, 'Marketing', 0),
(15, 'Other', 1),
(15, 'Technical Development', 0),
(16, 'Oreki Houtarou', 1),
(16, 'Oreki Tomoe', 0);

-- --------------------------------------------------------

--
-- Table structure for table `polls`
--

CREATE TABLE `polls` (
  `pollId` int(4) NOT NULL,
  `userId` varchar(256) NOT NULL,
  `type` varchar(256) NOT NULL,
  `question` varchar(256) NOT NULL,
  `description` varchar(256) DEFAULT NULL,
  `startDate` date NOT NULL,
  `endDate` date NOT NULL,
  `isPrivate` char(1) NOT NULL
) ENGINE=InnoDB DEFAULT CHARSET=utf8mb4;

--
-- Dumping data for table `polls`
--

INSERT INTO `polls` (`pollId`, `userId`, `type`, `question`, `description`, `startDate`, `endDate`, `isPrivate`) VALUES
(1, 'iTIkY8+lXYiOxcjhbFU32w==:ZWFpWVlrWVR5c2lhMjFuSA==', 'TV Shows', 'Pick A Character from The Arrowverse?', NULL, '2021-07-25', '2022-07-26', 'N'),
(2, 'iTIkY8+lXYiOxcjhbFU32w==:ZWFpWVlrWVR5c2lhMjFuSA==', 'Anime', 'Fruits Basket: Who do you think is the wisest person in Fruits Basket?', 'Fruits Basket, sometimes abbreviated Furuba or Fruba, is a Japanese manga series written and illustrated by Natsuki Takaya.', '2021-07-25', '2022-07-26', 'N'),
(3, 'iTIkY8+lXYiOxcjhbFU32w==:ZWFpWVlrWVR5c2lhMjFuSA==', 'Anime', 'Best female character in Kaguya Sama?', 'Kaguya-sama: Love Is War (Japanese: かぐや様は告らせたい ～天才たちの恋愛頭脳戦～,translation: \"Lady Kaguya wants to make them confess: The Geniuses\' War of Hearts and Minds\") is a Japanese romantic comedy manga series by Aka Akasaka.', '2021-07-26', '2021-07-27', 'N'),
(4, 'GbvweoXCDg9qywgRjNCEx/LRlokS+SSyBoLm3yl76lI=:ZWFpWVlrWVR5c2lhMjFuSA==', 'TV Shows', 'Line of Duty Finale: Who deserved better?', 'Line of Duty is a British police procedural television series created by Jed Mercurio and produced by World Productions.', '2021-07-26', '2021-07-27', 'N'),
(5, 'GbvweoXCDg9qywgRjNCEx/LRlokS+SSyBoLm3yl76lI=:ZWFpWVlrWVR5c2lhMjFuSA==', 'Games', 'If you could travel in time, what would you want to see?', 'I\'m curious', '2021-07-26', '2022-05-27', 'N'),
(6, 'GbvweoXCDg9qywgRjNCEx/LRlokS+SSyBoLm3yl76lI=:ZWFpWVlrWVR5c2lhMjFuSA==', 'Games', 'Describe your mood today?', 'Regardless, I really hope you have a good day ^^', '2021-07-26', '2022-07-27', 'Y'),
(7, 'uUbL4hYH008yQW/iktN7lA==:ZWFpWVlrWVR5c2lhMjFuSA==', 'Sports', 'Do you call it soccer or football?', 'One of the differences between British and American English is the fact that the sport known as football in Britain is called soccer in the States. Because the sport originated in England, it is often assumed that soccer is an Americanism.', '2021-07-26', '2022-06-27', 'N'),
(8, 'uUbL4hYH008yQW/iktN7lA==:ZWFpWVlrWVR5c2lhMjFuSA==', 'Sports', 'Out of the following list, what would be your most desired sports ability?', 'Many of us think we are pretty good at sports, but have you actually ever achieved something special? Here are a list of sporting achievements that many would desire to be able to do.', '2021-07-26', '2022-08-27', 'N'),
(9, 'uUbL4hYH008yQW/iktN7lA==:ZWFpWVlrWVR5c2lhMjFuSA==', 'School', 'What is your favorite part of the school day?', 'I miss going to school~', '2021-07-26', '2021-07-27', 'N'),
(10, 'GbvweoXCDg9qywgRjNCEx/LRlokS+SSyBoLm3yl76lI=:ZWFpWVlrWVR5c2lhMjFuSA==', 'School', 'What language would you like to learn during summer break?', NULL, '2021-07-26', '2022-06-27', 'N'),
(11, 'GbvweoXCDg9qywgRjNCEx/LRlokS+SSyBoLm3yl76lI=:ZWFpWVlrWVR5c2lhMjFuSA==', 'Others', 'Do you enjoy taking poll questions?', 'SAY YES!!!', '2021-07-26', '2021-07-27', 'N'),
(12, 'GbvweoXCDg9qywgRjNCEx/LRlokS+SSyBoLm3yl76lI=:ZWFpWVlrWVR5c2lhMjFuSA==', 'Others', 'Sailboat race: Vote and make one of the sailboats win', 'I know this is crazy, but it won\'t hurt to play along..', '2021-07-26', '2021-07-27', 'N'),
(13, 'iTIkY8+lXYiOxcjhbFU32w==:ZWFpWVlrWVR5c2lhMjFuSA==', 'Work', 'Why did you decide to join this event today?', NULL, '2021-07-26', '2021-07-27', 'Y'),
(14, 'iTIkY8+lXYiOxcjhbFU32w==:ZWFpWVlrWVR5c2lhMjFuSA==', 'Work', 'Which technology trend will have the greatest impact on our industry over the next year?', NULL, '2021-07-26', '2022-09-27', 'N'),
(15, 'iTIkY8+lXYiOxcjhbFU32w==:ZWFpWVlrWVR5c2lhMjFuSA==', 'Work', 'What is your current role at work?', NULL, '2021-07-26', '2023-12-27', 'N'),
(16, 'iTIkY8+lXYiOxcjhbFU32w==:ZWFpWVlrWVR5c2lhMjFuSA==', 'Anime', 'Who is smarter?: Hyouka', 'Hyouka (氷菓, literally, ice cream) is a 22-episode anime produced by Kyoto Animation and directed by Yasuhiro Takemoto originally aired from April 22, 2012 to September 16, 2012', '2021-07-26', '2022-11-27', 'N');

-- --------------------------------------------------------

--
-- Table structure for table `users`
--

CREATE TABLE `users` (
  `emailId` varchar(256) NOT NULL,
  `name` varchar(256) NOT NULL,
  `passwd` varchar(256) NOT NULL
) ENGINE=InnoDB DEFAULT CHARSET=utf8mb4;

--
-- Dumping data for table `users`
--

INSERT INTO `users` (`emailId`, `name`, `passwd`) VALUES
('GbvweoXCDg9qywgRjNCEx/LRlokS+SSyBoLm3yl76lI=:ZWFpWVlrWVR5c2lhMjFuSA==', 'Ashwini', '$2y$10$kIgyCiEozDEhTt47c.dFw.hV.Xii9mNU/4slYqrD.umMNdPUDmxBG'),
('iTIkY8+lXYiOxcjhbFU32w==:ZWFpWVlrWVR5c2lhMjFuSA==', 'Diya', '$2y$10$9LGL0UyFsFtpQTVAL1l5H.i02ruJjw3IsZZZmFxLdMHa1yTx2tyJq'),
('uUbL4hYH008yQW/iktN7lA==:ZWFpWVlrWVR5c2lhMjFuSA==', 'Deven', '$2y$10$CYMZhsWhxHAhGuSoHdiIwub9yXydLV3Hzj1Yx7bhQ9jWmx1CO.8B6');

--
-- Indexes for dumped tables
--

--
-- Indexes for table `answers`
--
ALTER TABLE `answers`
  ADD PRIMARY KEY (`userId`,`pollId`),
  ADD KEY `pollId` (`pollId`,`choiceName`);

--
-- Indexes for table `categories`
--
ALTER TABLE `categories`
  ADD PRIMARY KEY (`type`);

--
-- Indexes for table `choices`
--
ALTER TABLE `choices`
  ADD PRIMARY KEY (`pollId`,`choiceName`);

--
-- Indexes for table `polls`
--
ALTER TABLE `polls`
  ADD PRIMARY KEY (`pollId`),
  ADD KEY `userId` (`userId`),
  ADD KEY `type` (`type`);

--
-- Indexes for table `users`
--
ALTER TABLE `users`
  ADD PRIMARY KEY (`emailId`);

--
-- AUTO_INCREMENT for dumped tables
--

--
-- AUTO_INCREMENT for table `polls`
--
ALTER TABLE `polls`
  MODIFY `pollId` int(4) NOT NULL AUTO_INCREMENT, AUTO_INCREMENT=17;

--
-- Constraints for dumped tables
--

--
-- Constraints for table `answers`
--
ALTER TABLE `answers`
  ADD CONSTRAINT `answers_ibfk_1` FOREIGN KEY (`userId`) REFERENCES `users` (`emailId`) ON DELETE CASCADE ON UPDATE CASCADE,
  ADD CONSTRAINT `answers_ibfk_2` FOREIGN KEY (`pollId`,`choiceName`) REFERENCES `choices` (`pollId`, `choiceName`) ON DELETE CASCADE ON UPDATE CASCADE;

--
-- Constraints for table `choices`
--
ALTER TABLE `choices`
  ADD CONSTRAINT `choices_ibfk_1` FOREIGN KEY (`pollId`) REFERENCES `polls` (`pollId`) ON DELETE CASCADE ON UPDATE CASCADE;

--
-- Constraints for table `polls`
--
ALTER TABLE `polls`
  ADD CONSTRAINT `polls_ibfk_1` FOREIGN KEY (`userId`) REFERENCES `users` (`emailId`) ON DELETE CASCADE ON UPDATE CASCADE,
  ADD CONSTRAINT `polls_ibfk_2` FOREIGN KEY (`type`) REFERENCES `categories` (`type`) ON DELETE CASCADE ON UPDATE CASCADE;
COMMIT;

/*!40101 SET CHARACTER_SET_CLIENT=@OLD_CHARACTER_SET_CLIENT */;
/*!40101 SET CHARACTER_SET_RESULTS=@OLD_CHARACTER_SET_RESULTS */;
/*!40101 SET COLLATION_CONNECTION=@OLD_COLLATION_CONNECTION */;
